typedebien,typedetransaction,ville,nomQuartier,etage,surface,nb_pieces,prix_bien,description_bien,nb_etages,parking,annee_construction,nb_logements_copro,prix_m_carre,chauffage_energie,code_dep,resume_fr
Maison/Villa,Vente,Nice,Baumettes,,170.0,6,2350000.0,"Située au cœur du quartier historique du centre de Nice, la Villa du Château de la Tour bénéficie d'une localisation exceptionnelle, à seulement 5 minutes à pied de la plage, des restaurants et du musée des beaux-arts. Cette élégante maison de ville se démarque par sa position dominante et son toit-terrasse offrant une vue agréable sur la mer et le château.

La propriété propose plusieurs espaces extérieurs, dont une terrasse de 70 m2 prolongeant le salon et la cuisine, créant ainsi un cadre idéal pour la détente et les réceptions en plein air.

À l'intérieur, la villa combine le confort moderne et le charme historique. L'entrée, le séjour et la salle à manger s'enchaînent de manière harmonieuse, avec des plafonds de plus de 3 mètres ornés de fresques. Les carreaux de ciment d'origine ajoutent une touche de charme indéniable. La cuisine moderne et équipée, semi-ouverte, présente un plan de travail en marbre. A l'étage la chambre principale, avec salle de bain attenante comprenant baignoire et douche, est dotée d'un dressing. Une deuxième chambre, également en suite, propose une salle de douche attenante. La troisième chambre dispose de sa propre salle d'eau et toilettes, avec un bureau attenant.

Un véritable atout de cette villa réside dans son toit-terrasse, équipé d'un espace détente et d'un jacuzzi, offrant ainsi une vue imprenable sur la mer Méditerranée.

Un garage fermé est également à disposition

Associant le charme historique, le confort moderne et une vue paisible, cette propriété offre une expérience de vie exceptionnelle à Nice, avec la plage et les commerces accessibles à pied.",,,,,13823.529,Gaz,6.0,"### Résumé des descriptions de pièces

1. **Chambre** :
   - Murs doucement verts avec un encadrement en blanc.
   - Lumière naturelle provenant de deux grandes fenêtres ornées d'un fer forgé décoratif.
   - Lit central avec draps blancs impeccables, couverture moelleuse en violet et oreillers bleus et blancs.
   - Étagère remplie de livres en avant-plan.
   - Tapis fleuri vibrant au sol.

2. **Salle de bains** :
   - Tuiles de carreaux de ciment blanches sur les murs et le sol.
   - Piscine à pied avec deux robinets argentés et un miroir ovale au-dessus d'elle.
   - Fixations modernes, bien éclairées par une lumière réfrigérée.

3. **Cuisine** :
   - Comptoirs en marbre et placards en brun foncé.
   - Accent rouge sombre sur les placards supérieurs.
   - Éclairage réfrigéré pour une éclaircie abondante.
   - Machines électroménagères comme un cafetier, un grille-pain et une bouilloire en avant-plan.

4. **Salle de séjour** (impliquée par les détails architecturaux) :
   - Grande fenêtre avec un encadrement décoratif.
   - Fauteuil gris et chaise en métal bleu près de la fenêtre.
   - Table basse et télévision montée au-dessus d'un placard en bois.

5. **Salle de bains** (deuxième description) :
   - Murs de roche exposés, toilette blanche et petit lavabo sur un mur en pierre.
   - Sol en béton ajoutant à l'ambiance rustique.
   - Rocher important partiellement obstruant la vue de la porte de la salle de bains.

6. **Pièce supplémentaire** :
   - Porte archée menant à une autre pièce avec un fauteuil en cuir blanc et un tapis rayé noir et blanc visible.

### Conclusion finale

- **Type de bien** : Maison/villa
- **Type de transaction** : Vente
- **Commune** : Nice
- **Prix du bien** : 2 350 000,00 EUR
- **Prix par m²** : 13 823,529 EUR
- **Superficie totale** : 170,0 m²
- **Nombre de pièces** : 6

### Points clés :
- Le bien est une villa bien conçue à Nice avec six pièces distinctes.
- Les caractéristiques clés incluent des éléments de conception modernes et minimalistes, une lumière naturelle abondante et des finitions de qualité.
- La villa offre un environnement de vie serein et élégant avec des touches both intérieures et rustiques.

### Résumé détaillé :

Le bien émane d'une élégance understatement et modernité typique du style architectural de Nice. Avec ses six pièces distinctes, la villa offre un mélange harmonieux de fonctionnalité et d'attrait esthétique. Les éléments de conception minimalistes, tels que les tuiles de carreaux de ciment blanches dans les salles de bains et les comptoirs en marbre dans la cuisine, créent un espace de vie propre et organisé. La lumière naturelle est abondante tout au long du bien, renforçant l'atmosphère générale d'espace et de sérénité.

L'état du bien indique qu'il est fini mais pourrait bénéficier de quelques touches personnelles pour réaliser pleinement son potentiel. Les éléments rustiques, comme les murs de roche exposés et le sol en béton, ajoutent de la personnalité et de la chaleur, créant une contraste unique avec les fixations modernes. Cette combinaison fait de la villa un refuge idéal pour ceux qui cherchent à la fois sophistication et beauté naturelle dans leur espace de vie. La localisation du bien à Nice offre également une attrait supplémentaire, rendant le bien approprié tant pour une résidence permanente que pour des maisons de vacances.

En tout, ce bien est un mélange soigneusement conçu entre la conception moderne et l'attrait rustique, offrant un environnement de vie serein et élégant avec du potentiel d'amélioration supplémentaire."
Appartement,Location,Paris 6e,Notre Dame des Champs,1.0,119.0,4,5719.0,"CONTACTER LE <span class=""importDescriptionDecorator"" data-type=""phone"">06.24.73.86.60</span>
RUE VAVIN - 75006 Paris.
A deux pas du Jardin du Luxembourg, cet appartement MEUBLÉ  de 4 pièces vous séduira par son emplacement et son jardin privatif en plein coeur de Paris. Le bien de 119,28 m2 est situé au 1er étage sans ascenseur d'un immeuble ancien sécurisé par un digicode et un interphone. Il comprend: une entrée, un séjour donnant sur une terrasse qui accède au jardin, une cuisine américaine équipée, 3 grandes chambres, un coin bureau dans un grand dégagement, une buanderie, une salle de bain, deux salles de douche dont une avec WC, WC invités. Nombreux rangements. Chauffage et eau chaude individuels électriques.
Loyer 4699 € + 720 € de complément de loyer pour le jardin privatif + 300 € de provisions de charges, soit un loyer de 5719 €.
Dépôt de garantie 10838 €.
Honoraires 1789,20 euros TTC (pour un bail d'habitation principale).
(Dans le cadre d'un bail code civil, les conditions sont exclues des champs d'application de la loi du 6 juillet 1989. Nous consulter).
ETAT DES RISQUES ET DES POLLUTIONS (ERP) :
Les informations sur les risques auxquels ce bien est exposé sont disponibles sur le site Géorisques : www.georisques.gouv.fr",,,,,48.058823,Électrique,75.0,"### Résumé des descriptions de pièces

1. **Salon**:
   - **Configuration**: Spacieux avec de grandes fenêtres permettant une lumière naturelle abondante.
   - **Couleur du décor**: Murs et sol blancs pour un look net et minimaliste.
   - **Détails architecturaux**: Design minimaliste avec des meubles simples et fonctionnels.

2. **Chambre 1**:
   - **Configuration**: Cozy avec deux lits chacun ornés de coussins rouges et de draps clairs.
   - **Couleur du décor**: Murs blancs et parquet ou plancher en lamellé-collé.
   - **Caractéristiques notables**: Petite peinture au-dessus d'un des lits pour ajouter une personnalité.

3. **Salle de bains**:
   - **Configuration**: Moderne et bien entretenue, avec une baignoire blanche et un mur gris derrière.
   - **Couleur du décor**: Murs blancs et meuble de lavabo avec miroir en cadre en bois.
   - **Détails architecturaux**: Design simple sans éléments décoratifs sur le meuble de lavabo ou la baignoire.

4. **Chambre 2**:
   - **Configuration**: Similaire à la chambre 1, avec deux lits chacun ornés de coussins rouges et de draps clairs.
   - **Couleur du décor**: Murs blancs et parquet ou plancher en lamellé-collé.
   - **Caractéristiques notables**: Petite peinture au-dessus d'un des lits pour ajouter une personnalité.

### Conclusion finale

- **Type de bien immobilier**: Appartement
- **Type de transaction**: Localisation
- **Commune**: Paris 6e
- **Prix du bien**: 5719,0 EUR
- **Prix par m²**: 48,058823 EUR
- **Surface totale**: 119,0 m²
- **Nombre de pièces**: 4

**Points clés**:
- Le bien est un appartement bien entretenu au cœur de Paris, offrant un design moderne et minimaliste.
- Il comprend quatre chambres décorées avec des coussins rouges et des draps clairs, créant une atmosphère cozy.
- Les espaces de vie sont conçus pour être fonctionnels et lumineux, avec de grandes fenêtres permettant une lumière naturelle abondante.
- Les salles de bains sont simples mais bien entretenues, offrant un look net et neutre.
- L'ensemble du design est caractérisé par sa simplicité et modernité, rendant cet appartement idéal pour ceux cherchant un environnement de vie confortable et élégant au cœur de la ville.

**Résumé détaillé**:
L'appartement situé dans le 6e arrondissement de Paris se présente comme un appartement moderne et minimaliste avec une surface totale de 119,0 m². Il comprend quatre chambres décorées avec des coussins rouges et des draps clairs, créant une atmosphère cozy. Les espaces de vie sont conçus pour être fonctionnels et lumineux, avec de grandes fenêtres permettant une lumière naturelle abondante. Les salles de bains offrent un design simple mais bien entretenu, assurant un look net et neutre. L'ensemble du design est caractérisé par sa simplicité et modernité, rendant cet appartement idéal pour ceux cherchant un environnement de vie confortable et élégant au cœur de la ville.

L'appartement minimaliste et bien entretenu est une option attrayante pour les résidents à court ou long terme recherchant un espace de vie moderne dans le centre-ville de Paris. L'atmosphère chaleureuse, combinée avec son plan pratique, assure que cet appartement ne soit pas seulement fonctionnel mais aussi agréable à vivre."
Maison/Villa,Vente,Ambert,Ambert,,136.0,8,99500.0,"En exclusivité, en plein centre d'Ambert à proximité immédiate de tous ses commerces et services, maison de ville mitoyenne de 136 m2 avec trois chambres. Au rez-de-chaussée, un hall dessert un petit salon, un garage et une cave. Au premier étage, un palier distribue un séjour, une salle de bain, une cuisine et une chambre. Au dernier étage un autre palier dessert deux chambres, un bureau et un dressing et une salle d'eau. Un jardin arboré complète cet ensemble immobilier.<br>Son prix  : 99 500 €<br>Pour tous renseignements, vous pouvez contacter votre conseiller commercial Monsieur BACHER Emmanuel.<br>Honoraires à la charge du vendeur.  Classe énergie F, Classe climat F Logement à consommation énergétique excessive. La loi impose que le niveau de performance énergétique (DPE) du bien immobilier, actuellement de classe F, soit compris, à compter du 1er janvier 2028, entre la classe A et la classe E. Montant moyen estimé des dépenses annuelles d'énergie pour un usage standard, établi à partir des prix de l'énergie de l'année 2021 : entre 4350.00 et 5940.00 €. Les informations sur les risques auxquels ce bien est exposé sont disponibles sur le site Géorisques : georisques.gouv.fr. <br>Votre conseiller Cimm Immobilier Ambert : Emmanuel BACHER<br>Agent commercial (Entreprise individuelle)  <br>  RSAC 911099208",4.0,,,,731.6177,Fioul,63.0,"### Résumé des descriptions de pièces

1. **Salle à manger** :
   - Murs jaunes avec un encadrement blanc.
   - Table grande entourée de chaises sur un tapis à motif.
   - Table dressée avec des assiettes, des verres et des fourchettes.
   - Lampadaire suspendu au plafond.

2. **Salle de vie** :
   - Meubles en bois sombre avec des fauteuils en cuir vert.
   - Petite table en bois entre les fauteuils.
   - Armoire ou placard en bois contre un mur.
   - Placard en bois correspondant à l'opposé de l'armoire.
   - Murs chaleureux et terreux avec plusieurs cadres d'images et un tapis à motif rouge.

3. **Chambre 1** :
   - Lit ancien orné d'un drapet et des oreillers de couleur claire.
   - Lampadaire suspendu au plafond.
   - Bureau près du lit avec une chaise en dessous.
   - Étagère derrière le lit gauche remplie de livres et d'objets décoratifs.
   - Papier peint fleuri sur les murs.

4. **Chambre 2** :
   - Deux lits jumeaux, chacun orné d'une couverture et des oreillers blancs.
   - Petite table et chaise en avant-plan.
   - Étagère de livres contre un mur.
   - Lumière naturelle provenant d'une fenêtre sur le côté droit de l'image.
   - Papier peint fleuri sur les murs.

5. **Entrée/Foyer** :
   - Escalier en bois avec une rampe menant à un palier supérieur.
   - Pavement carrelé noir et blanc.
   - Petite table avec une lampe, une chaise et un meuble ou étagère contre un mur.
   - Murs de couleur claire avec des cadres d'images ou des imprimés.

### Conclusion finale

- **Type de bien** : Maison/villa
- **Type de transaction** : Vente
- **Commune** : Ambert
- **Prix du bien** : 99 500,00 EUR
- **Prix par m²** : 731,6177 EUR
- **Surface totale** : 136,0 m²
- **Nombre de pièces** : 8

### Points clés :
- Le bien est une villa bien conçue avec huit pièces, comprenant une salle à manger, une salle de vie, deux chambres et un entrée.
- Les schémas de couleur sont chaleureux et accueillants, avec des tons jaunes, verts, blancs et papier peint fleuri.
- Les éléments de conception sont classiques et élégants, avec des meubles ornés et des détails décoratifs comme des lampadaires et des étagères.
- Le bien est en état d'habitation, prêt à être utilisé immédiatement.

### Résumé détaillé :
Le bien exalte une atmosphère classique et élégante, idéale pour ceux cherchant un environnement de vie raffiné. La villa comprend huit pièces bien aménagées, chacune conçue pour offrir confort et style. La salle à manger établit le ton avec ses murs jaunes chaleureux et son dressage table, tandis que la salle de vie offre un espace cozy avec des meubles en bois sombre et des fauteuils en cuir vert. Les deux chambres sont décorées en blanc et ornées de papier peint fleuri, créant une atmosphère paisible. L'entrée offre une transition élégante de l'extérieur à l'intérieur avec son escalier en bois et son sol carrelé noir et blanc.

Les éléments de conception de ce bien sont classiques et sophistiqués, rendant le lieu approprié tant pour un habitat personnel que pour un potentiel revenu locatif. La villa est actuellement finie et prête à l'occupation, nécessitant aucune rénovation immédiate. Ses schémas de couleur chaleureux et ses meubles détaillés assurent une expérience de vie accueillante et luxuriante. En tout, la propriété à Ambert offre un mélange de confort, de style et de fonctionnalité, en faisant d'elle une investissement ou une maison familiale attrayante.

- **Atmosphère globale** : Élégance classique avec une touche de chaleur.
- **Éléments de conception** : Classiques et sophistiqués.
- **État du bien** : Fini et prêt à l'usage."
Maison/Villa,Produit d’investissement,Nice,Thiers - Musicien,,200.0,10,1500000.0,"Votre agence AXO IMMO à Nice vous propose ce bien d'exception : Nice Musiciens idéal professions libérales (étude notariale, cabinet avocats, médecins, assureurs...)  unique dans le secteur Hôtel Particulier type Belle Epoque de 200m2 sur 2 niveaux avec un coquet jardin de 100m2 et un garage double. Il est actuellement composé comme suit : un souplex de 60m2 à entièrement aménager pouvant servir de réserve ou / et d'archives. <br>En rez de chaussée vaste entrée / réception/salle d'attente, un salon-séjour pouvant également servir de salle de réunion,  2 grandes chambres ou bureaux, salle d'eau et WC. <br>A l'étage 3 suites parentales de plus de 25m2, salle d'eau et WC. Grandes ouvertures vitrées sur toute la façade. Belle hauteur sous plafond. Possibilité de diviser. <br>Produit d'exception à 2 proximité du carré d'or Victor Hugo des commerces et de la mer !<br>  Contactez Sandrine KRAFT au <span class=""importDescriptionDecorator"" data-type=""phone"">06 12 24 38 15</span>, AXO - L'immobilier Actif, Chargée de Développement Provence-Alpes-Côte d'Azur. Plus d'informations sur <span class=""importDescriptionDecorator"" data-url=""www.axo.immo"" data-type=""basicUrl"">www.axo.immo</span> (réf. 85002110433) et <span class=""importDescriptionDecorator"" data-type=""email"">skraft@axo.immo.</span><br>Honoraires TTC charge vendeur.<br>Les informations sur les risques auxquels ce bien est exposé sont disponibles sur le site Géorisques : https://www.georisques.gouv.fr/",3.0,,,,7500.0,Électrique,6.0,"### Résumé des descriptions de pièces

1. **Salle à manger** : La salle à manger est décorée avec des murs blancs et un sol en carrelage gris foncé. Une grande fenêtre sur l'un des murs apporte la lumière naturelle. Un petit système d'air conditionné est installé au-dessus de la fenêtre, et une porte ouverte mène à ce qui semble être une salle de bains ou un toilette.
2. **Salle de bains** : Cette salle de bains a des murs et un sol en carrelage brun. Elle comporte deux lavabos blancs sur un meuble de rangement contre un mur. Un lustre rond émet une lumière chaude, avec une fenêtre qui permet la lumière naturelle.
3. **Garage** : Le garage est vide avec des murs blancs sales et un sol en carrelage gris foncé. Il comporte deux portes menant à d'autres parties de l'immobilier.
4. **Cuisine/autre pièce** : Cette pièce a des murs blancs et un sol en carreaux carrés gris. Une grande fenêtre fournit une lumière naturelle abondante, mais aucun détail spécifique sur le mobilier ou les équipements n'est fourni.

### Conclusion finale

- **Type de bien** : Maison/villa
- **Type de transaction** : Produit d’investissement
- **Commune** : Nice
- **Prix du bien** : 1500000.0 EUR
- **Prix par m²** : 7500.0 EUR
- **Superficie totale** : 200.0 m²
- **Nombre de pièces** : 10

**Points clés** :
- Le bien est une villa bien conçue à Nice, en France.
- Il comprend plusieurs pièces avec des finitions et des caractéristiques variées.
- La salle à manger offre des aménagements modernes comme un système d'air conditionné et de la lumière naturelle grâce à une grande fenêtre.
- La salle de bains a un ambiance chaude avec des carreaux bruns et un meuble de rangement.
- Le garage est non fini mais accessible par deux portes.
- La cuisine/autre pièce bénéficie d'une abondante lumière naturelle grâce à une grande fenêtre.

### Résumé détaillé

Le bien à Nice, en France, offre une opportunité d'investissement avec un plan de conception équilibré. La villa présente un mélange d'éléments modernes et traditionnels, créant une atmosphère accueillante et harmonieuse. La salle à manger est particulièrement remarquable pour ses lignes nettes et ses aménagements modernes, y compris un système d'air conditionné et de la lumière naturelle grâce à une grande fenêtre. La salle de bains offre un espace confortable et fonctionnel avec des carreaux bruns et un meuble de rangement, assurant le confort et la commodité. Le garage, bien que non fini, offre du potentiel pour l'ajout d'une autre zone de stockage ou de travail. La cuisine/autre pièce bénéficie d'une abondante lumière naturelle grâce à une grande fenêtre, améliorant sa fonctionnalité.

Le bien est actuellement dans un état qui nécessite quelques finitions mais maintient un haut niveau de conception. Son style minimaliste moderne et sa conception pratique font de lui une option d'investissement attrayante, offrant à la fois une utilisation immédiate et le potentiel pour des améliorations futures. Avec un prix par mètre carré de 7500 EUR et une superficie totale de 200 m², la villa offre une excellente valeur pour sa taille et son emplacement à Nice. Les dix pièces mentionnées suggèrent plusieurs espaces dans le bien, ajoutant à sa flexibilité et son attrait en tant qu'investissement. En tout, ce bien offre un mélange de conception moderne, de fonctionnalité pratique et de potentiel d'amélioration, faisant d'elle une option séduisante pour les investisseurs cherchant une maison bien située et conçue avec soin."
Appartement,Vente,Nice,Baumettes,0.0,44.0,2,239000.0,"Nice Baumettes - 2 pièces coup de coeur avec terrasse proche Université
NICE / BAUMETTES - Venez visiter notre appartement ""coup de coeur"". Situé au sein d'un secteur résidentiel, dans une copropriété de standing avec parc et parking collectif, il est proche de l'Université Côte d'Azur et de toutes les commodités du quartier à pieds !
Vous serez séduits par ce 2 pièces de 44 m2 entièrement rénové et optimisé, cosy, climatisé, très lumineux avec sa terrasse spacieuse en Ouest et sa vue dégagée sur la verdure.
Très bien distribué, il se compose d'une entrée, d'un séjour avec cuisine américaine donnant sur une terrasse de 12m2 ensoleillée, d'une chambre avec placard, d'une salle de douche, d'un WC indépendant et d'une cave.
Idéal pour un premier achat, un investissement locatif ou une résidence secondaire, ce nid douillet se trouve à moins de 15 minutes à pied du Tramway et de la Promenade des Anglais !
Pour obtenir des informations détaillées sur les risques auxquels ce bien est exposé, veuillez consulter le site Géorisques : georisques.gouv.fr.",6.0,,,,5431.8184,,6.0,"### Résumés des Chambres

1. **Espace de Vie**
   - **Description** : Espace ouvert moderne avec une cuisine et un salon.
   - **Caractéristiques principales** :
     - Canapé gris avec un coussin en laine orange.
     - Petite table basse blanche avec un pot de plante.
     - Murs blancs et parquet clair.
     - Cuisine équipée de placards blancs, d'un évier ovale et d'un miroir rond au-dessus.

2. **Chambre**
   - **Description** : Chambre bien éclairée avec un lit à couette vert sage.
   - **Caractéristiques principales** :
     - Lit avec des oreillers assortis et une petite commode avec une lampe.
     - Armoire blanche avec six tiroirs et un guirlande décorative.
     - Porte du placard avec deux miroirs fixés dessus.

3. **Salle de Bains**
   - **Description** : Salle de bains moderne avec des murs blancs et un comptoir en bois clair.
   - **Caractéristiques principales** :
     - Évier ovale en céramique blanche avec robinet argenté.
     - Miroir rond au-dessus de l'évier.
     - Armoire avec poignée dorée et une petite plante dans un pot sur le dessus.
     - Tête de douche visible derrière une porte en verre.

4. **Espaces Supplémentaires**
   - **Description** : Fenêtre dans la chambre apporte de la lumière naturelle.
   - **Caractéristiques principales** :
     - Chauffage au-dessous de la fenêtre.
     - Rideau blanc tiré pour révéler une vue extérieure.

### Conclusion Finale

- **Type de bien** : Appartement
- **Type de transaction** : Vente
- **Commune** : Nice
- **Prix du bien** : 239 000,00 EUR
- **Prix par m²** : 5 431,8184 EUR
- **Surface totale** : 44,0 m²
- **Nombre de pièces** : 2

### Points clés :
- Le bien est un appartement moderne et bien conçu à Nice.
- Il comprend une zone de vie ouverte combinant un salon confortable avec une cuisine fonctionnelle.
- Les éléments de design principaux incluent des murs blancs, un parquet clair et du mobilier minimaliste.
- L'appartement a été récemment mis à jour ou rénové, comme en témoigne le décor propre et élégant.

### Résumé Détailé
L'appartement offre un espace de vie moderne et bien conçu à Nice. Le plan ouvert combine une zone de vie confortable avec une cuisine fonctionnelle, créant une atmosphère accueillante. La chambre est décorée de manière élégante avec un lit à couette vert sage et du mobilier minimaliste, renforçant son sentiment de sérénité. La salle de bains maintient un aspect contemporain et propre avec des surfaces blanches et des équipements pratiques. En général, l'appartement évoque une modernité et une élégance qui le rendent approprié à la fois pour l'usage personnel et potentiellement comme investissement. Les mises à jour récentes assurent que l'appartement est en bon état, nécessitant peu de maintenance. Avec ses chambres bien éclairées et ses éléments de design pensés avec soin, cet appartement offre un environnement de vie confortable dans une localisation recherchée.

L'état du bien suggère qu'il est fini et prêt à être habité, nécessitant peu de rénovations significatives. Les éléments de design minimalistes et modernes créent un espace harmonieux et fonctionnel qui attire ceux cherchant un environnement de vie propre et contemporain. La proximité de l'appartement avec Nice ajoute de la valeur, en le rendant une option attrayante pour les résidents locaux et les visiteurs.

En général, l'appartement offre un mélange d'élégance, de fonctionnalité et de confort, faisant de lui un choix idéal pour quiconque recherche un espace de vie moderne à Nice. (44 m², 2 pièces)."
